{
    "Ciano (C)": 5.828813696649382,
    "Magenta (M)": 240.38510400046536,
    "Amarelo (Y)": 14.240693765789123,
    "Preto (K)": 0.006296951868102646
}